Proposta;Número da Requisição;Aplicação;Classe do Material;Código do produto;Descrição Curta do Produto;Descrição Adicional;Quantidade requisitada;Data necessária;Código do Produto do Fornecedor;Produto;Descrição Técnica;Quantidade do fornecedor;Fornecedor;Fabricante;Modelo;Razão social;CNPJ;Status de cadastro;Endereço;Nome do contato comercial;Telefones do contato comercial;E-mail do contato comercial;Dados bancários;Nome contato de faturamento;Telefones do contato de faturamento;E-mail do contato de faturamento;Data de entrega;Prazo de pagamento;Valor Orçado Unitário (R$);Preço unitário líquido (R$);Preço unitário com impostos (R$);Condição de pagamento;1a Rodada de Negociação;Motivo da analise;Aprovada por Humano
P7;RC-2025-21;Atender contrato de prestação de serviços com cliente;INFORMATICA (EQUIPAMENTOS);649192;MEMORIA RAM PARA NOTEBOOKS/DESKTOPS;MEMORIA RAM, TIPO: RAM, MODULO: DDR4 SD RAM, VELOCIDADE: 3200 MHZ, CAPACIDADE: 8 GB, APLICACAO:  NOTEBOOKS/DESKTOPS.;2;45889;649192;Memória RAM 8GB DDR4;"capacidade: 8GB; geracao: DDR4; classificacao: 1Rx16; tipo_memoria: NÃO-ECC; frequencia: 3200MHz; latencia: 22; voltagem: 1.2V; pinagem: 260 pinos";2;CompuRAM;ADATA;ASU650SS-240GT-R;Empresa G Soluções Ltda;73.678.901/0001-12;Ativo;Av. das Indústrias, 1234 – Distrito Industrial – São Paulo/SP – CEP 04567-000;Contato G;(11) 3456-7890 / (11) 98765-4321;contatog@empresag.com.br;Banco Bradesco – Ag. 1234 – C/C 98765-4 – Titular: Empresa G Soluções Ltda;Faturamento G;(11) 3344-5566 / (11) 99887-6655;faturamentog@empresag.com.br;28/07/2025;60 dias;150,00;104.76;109.12;reajustável;Valido;Está dentro da meta de saving;Sim
P8;RC-2025-21;Atender contrato de prestação de serviços com cliente;INFORMATICA (EQUIPAMENTOS);649192;MEMORIA RAM PARA NOTEBOOKS/DESKTOPS;MEMORIA RAM, TIPO: RAM, MODULO: DDR4 SD RAM, VELOCIDADE: 3200 MHZ, CAPACIDADE: 8 GB, APLICACAO:  NOTEBOOKS/DESKTOPS.;2;45889;649192;Memória DDR4 8GB 3200MHz;"capacidade: 8GB; geracao: DDR4; classificacao: 1Rx16; tipo_memoria: NÃO-ECC; frequencia: 3200MHz; latencia: 22; voltagem: 1.2V; pinagem: 260 pinos";2;NotebookParts;ADATA;ASU650SS-240GT-R;Empresa H Soluções Ltda;64.789.012/0001-99;Ativo;Av. das Indústrias, 1234 – Distrito Industrial – São Paulo/SP – CEP 04567-000;Contato H;(11) 3456-7890 / (11) 98765-4321;contatoh@empresah.com.br;Banco Bradesco – Ag. 1234 – C/C 98765-4 – Titular: Empresa H Soluções Ltda;Faturamento H;(11) 3344-5566 / (11) 99887-6655;faturamentoh@empresah.com.br;18/08/2025;53 dias;150,00;110;105;reajustável;Valido;Está dentro da meta de saving;Sim
P9;RC-2025-21;Atender contrato de prestação de serviços com cliente;INFORMATICA (EQUIPAMENTOS);649192;MEMORIA RAM PARA NOTEBOOKS/DESKTOPS;MEMORIA RAM, TIPO: RAM, MODULO: DDR4 SD RAM, VELOCIDADE: 3200 MHZ, CAPACIDADE: 8 GB, APLICACAO:  NOTEBOOKS/DESKTOPS.;2;45889;649192;Memória RAM DDR4 8GB;"capacidade: 8GB; geracao: DDR4; classificacao: 1Rx16; tipo_memoria: NÃO-ECC; frequencia: 3200MHz; latencia: 22; voltagem: 1.2V; pinagem: 260 pinos";2;RAMTech;ADATA;ASU650SS-240GT-R;Empresa I Soluções Ltda;85.890.123/0001-66;Ativo;Av. das Indústrias, 1234 – Distrito Industrial – São Paulo/SP – CEP 04567-000;Contato I;(11) 3456-7890 / (11) 98765-4321;contatoi@empresai.com.br;Banco Bradesco – Ag. 1234 – C/C 98765-4 – Titular: Empresa I Soluções Ltda;Faturamento I;(11) 3344-5566 / (11) 99887-6655;faturamentoi@empresai.com.br;22/07/2025;64 dias;150,00;100;110;reajustável;Valido;Está dentro da meta de saving;Sim
P10;RC-2025-21;Atender contrato de prestação de serviços com cliente;INFORMATICA (EQUIPAMENTOS);649192;MEMORIA RAM PARA NOTEBOOKS/DESKTOPS;MEMORIA RAM, TIPO: RAM, MODULO: DDR4 SD RAM, VELOCIDADE: 3200 MHZ, CAPACIDADE: 8 GB, APLICACAO:  NOTEBOOKS/DESKTOPS.;2;45889;649192;Memória DDR4 8GB 3200MHz;"capacidade: 8GB; geracao: DDR4; classificacao: 1Rx16; tipo_memoria: NÃO-ECC; frequencia: 3200MHz; latencia: 22; voltagem: 1.2V; pinagem: 260 pinos";2;EletroRAM;ADATA;ASU650SS-240GT-R;Empresa J Soluções Ltda;32.717.121/0001-79;Ativo;Av. das Indústrias, 1234 – Distrito Industrial – São Paulo/SP – CEP 04567-000;Contato A;(11) 3456-7890 / (11) 98765-4321;contatoa@empresaa.com.br;Banco Bradesco – Ag. 1234 – C/C 98765-4 – Titular: AlphaTech Soluções Industriais Ltda;Faturamento B;(11) 3344-5566 / (11) 99887-6655;faturamentoa@empresaa.com.br;10/08/2025;52 dias;150,00;90;100;reajustável;Valido;Esse é o valor referencia;Sim
P11;RC-2025-21;Atender contrato de prestação de serviços com cliente;INFORMATICA (EQUIPAMENTOS);649192;MEMORIA RAM PARA NOTEBOOKS/DESKTOPS;MEMORIA RAM, TIPO: RAM, MODULO: DDR4 SD RAM, VELOCIDADE: 3200 MHZ, CAPACIDADE: 8 GB, APLICACAO:  NOTEBOOKS/DESKTOPS.;2;45890;649192;Memória DDR4 8GB 3200MHz;"capacidade: 8GB; geracao: DDR4; classificacao: 1Rx16; tipo_memoria: NÃO-ECC; frequencia: 3200MHz; latencia: 22; voltagem: 1.2V; pinagem: 260 pinos";2;Memorix Brasil;ADATA;ASU650SS-240GT-R;Empresa E Soluções Ltda;32.717.121/0001-80;Ativo;Av. das Indústrias, 1234 – Distrito Industrial – São Paulo/SP – CEP 04567-001;Contato A;(11) 3456-7890 / (11) 98765-4322;contatoa@empresaa.com.br;Banco Bradesco – Ag. 1234 – C/C 98765-4 – Titular: AlphaTech Soluções Industriais Ltda;Faturamento C;(11) 3344-5566 / (11) 99887-6656;faturamentoa@empresaa.com.br;10/08/2026;53 dias;150;100.28;104.46;reajustável;Valido;Está dentro da meta de saving;Sim
P12;RC-2025-21;Atender contrato de prestação de serviços com cliente;INFORMATICA (EQUIPAMENTOS);649192;MEMORIA RAM PARA NOTEBOOKS/DESKTOPS;MEMORIA RAM, TIPO: RAM, MODULO: DDR4 SD RAM, VELOCIDADE: 3200 MHZ, CAPACIDADE: 8 GB, APLICACAO:  NOTEBOOKS/DESKTOPS.;2;45891;649192;Memória DDR4 8GB 3200MHz;"capacidade: 8GB; geracao: DDR4; classificacao: 1Rx16; tipo_memoria: NÃO-ECC; frequencia: 3200MHz; latencia: 22; voltagem: 1.2V; pinagem: 260 pinos";2;DigitalRAM;ADATA;ASU650SS-240GT-R;Empresa B Soluções Ltda;32.717.121/0001-81;Ativo;Av. das Indústrias, 1234 – Distrito Industrial – São Paulo/SP – CEP 04567-002;Contato A;(11) 3456-7890 / (11) 98765-4323;contatoa@empresaa.com.br;Banco Bradesco – Ag. 1234 – C/C 98765-4 – Titular: AlphaTech Soluções Industriais Ltda;Faturamento D;(11) 3344-5566 / (11) 99887-6657;faturamentoa@empresaa.com.br;10/08/2027;54 dias;150;104.76;109.12;reajustável;Valido;Está dentro da meta de saving;Sim
P13;RC-2025-21;Atender contrato de prestação de serviços com cliente;INFORMATICA (EQUIPAMENTOS);649192;MEMORIA RAM PARA NOTEBOOKS/DESKTOPS;MEMORIA RAM, TIPO: RAM, MODULO: DDR4 SD RAM, VELOCIDADE: 3200 MHZ, CAPACIDADE: 8 GB, APLICACAO:  NOTEBOOKS/DESKTOPS.;2;45892;649192;Memória DDR4 8GB 3200MHz;"capacidade: 8GB; geracao: DDR4; classificacao: 1Rx16; tipo_memoria: NÃO-ECC; frequencia: 3200MHz; latencia: 22; voltagem: 1.2V; pinagem: 260 pinos";2;RAMStore;ADATA;ASU650SS-240GT-R;Empresa A Soluções Ltda;32.717.121/0001-82;Ativo;Av. das Indústrias, 1234 – Distrito Industrial – São Paulo/SP – CEP 04567-003;Contato A;(11) 3456-7890 / (11) 98765-4324;contatoa@empresaa.com.br;Banco Bradesco – Ag. 1234 – C/C 98765-4 – Titular: AlphaTech Soluções Industriais Ltda;Faturamento F;(11) 3344-5566 / (11) 99887-6658;faturamentoa@empresaa.com.br;10/08/2028;55 dias;150;90;109;reajustável;Valido;Está dentro da meta de saving;Sim
P11;RC-2025-21;Atender contrato de prestação de serviços com cliente;INFORMATICA (EQUIPAMENTOS);649192;MEMORIA RAM PARA NOTEBOOKS/DESKTOPS;MEMORIA RAM, TIPO: RAM, MODULO: DDR4 SD RAM, VELOCIDADE: 3200 MHZ, CAPACIDADE: 8 GB, APLICACAO:  NOTEBOOKS/DESKTOPS.;2;45889;649192;Memória RAM 8GB DDR4;"capacidade: 8GB; geracao: DDR4; classificacao: 1Rx16; tipo_memoria: NÃO-ECC; frequencia: 3200MHz; latencia: 22; voltagem: 1.2V; pinagem: 260 pinos";2;CompuRAM;ADATA;ASU650SS-240GT-R;Guerra;36.890.714/0001-60;Ativo;Av. das Indústrias, 1234 – Distrito Industrial – São Paulo/SP – CEP 04567-000;Contato G;(11) 3456-7890 / (11) 98765-4321;contatog@empresag.com.br;Banco Bradesco – Ag. 1234 – C/C 98765-4 – Titular: Empresa G Soluções Ltda;Faturamento G;(11) 3344-5566 / (11) 99887-6655;faturamentog@empresag.com.br;28/07/2025;54 dias;150;108.2;108.2;reajustável;Valido;Está dentro da meta de saving;Sim
P12;RC-2025-21;Atender contrato de prestação de serviços com cliente;INFORMATICA (EQUIPAMENTOS);649192;MEMORIA RAM PARA NOTEBOOKS/DESKTOPS;MEMORIA RAM, TIPO: RAM, MODULO: DDR4 SD RAM, VELOCIDADE: 3200 MHZ, CAPACIDADE: 8 GB, APLICACAO:  NOTEBOOKS/DESKTOPS.;2;45889;649192;Memória RAM 8GB DDR4;"capacidade: 8GB; geracao: DDR4; classificacao: 1Rx16; tipo_memoria: NÃO-ECC; frequencia: 3200MHz; latencia: 22; voltagem: 1.2V; pinagem: 260 pinos";2;CompuRAM;ADATA;ASU650SS-240GT-R;Mendes Silveira S/A;31.780.492/0001-09;Ativo;Av. das Indústrias, 1234 – Distrito Industrial – São Paulo/SP – CEP 04567-000;Contato G;(11) 3456-7890 / (11) 98765-4321;contatog@empresag.com.br;Banco Bradesco – Ag. 1234 – C/C 98765-4 – Titular: Empresa G Soluções Ltda;Faturamento G;(11) 3344-5566 / (11) 99887-6655;faturamentog@empresag.com.br;28/07/2025;54 dias;150;103.65;103.65;reajustável;Valido;Está dentro da meta de saving;Sim
P14;RC-2025-21;Atender contrato de prestação de serviços com cliente;INFORMATICA (EQUIPAMENTOS);649192;MEMORIA RAM PARA NOTEBOOKS/DESKTOPS;MEMORIA RAM, TIPO: RAM, MODULO: DDR4 SD RAM, VELOCIDADE: 3200 MHZ, CAPACIDADE: 8 GB, APLICACAO:  NOTEBOOKS/DESKTOPS.;2;45889;649192;Memória RAM 8GB DDR4;"capacidade: 8GB; geracao: DDR4; classificacao: 1Rx16; tipo_memoria: NÃO-ECC; frequencia: 3200MHz; latencia: 22; voltagem: 1.2V; pinagem: 260 pinos";2;CompuRAM;ADATA;ASU650SS-240GT-R;Rocha;01.462.975/0001-02;Ativo;Av. das Indústrias, 1234 – Distrito Industrial – São Paulo/SP – CEP 04567-000;Contato G;(11) 3456-7890 / (11) 98765-4321;contatog@empresag.com.br;Banco Bradesco – Ag. 1234 – C/C 98765-4 – Titular: Empresa G Soluções Ltda;Faturamento G;(11) 3344-5566 / (11) 99887-6655;faturamentog@empresag.com.br;28/07/2025;63 dias;150;104.18;104.18;reajustável;Valido;Está dentro da meta de saving;Sim
P15;RC-2025-21;Atender contrato de prestação de serviços com cliente;INFORMATICA (EQUIPAMENTOS);649192;MEMORIA RAM PARA NOTEBOOKS/DESKTOPS;MEMORIA RAM, TIPO: RAM, MODULO: DDR4 SD RAM, VELOCIDADE: 3200 MHZ, CAPACIDADE: 8 GB, APLICACAO:  NOTEBOOKS/DESKTOPS.;2;45889;649192;Memória RAM 8GB DDR4;"capacidade: 8GB; geracao: DDR4; classificacao: 1Rx16; tipo_memoria: NÃO-ECC; frequencia: 3200MHz; latencia: 22; voltagem: 1.2V; pinagem: 260 pinos";2;CompuRAM;ADATA;ASU650SS-240GT-R;Caldeira;51.708.643/0001-25;Ativo;Av. das Indústrias, 1234 – Distrito Industrial – São Paulo/SP – CEP 04567-000;Contato G;(11) 3456-7890 / (11) 98765-4321;contatog@empresag.com.br;Banco Bradesco – Ag. 1234 – C/C 98765-4 – Titular: Empresa G Soluções Ltda;Faturamento G;(11) 3344-5566 / (11) 99887-6655;faturamentog@empresag.com.br;28/07/2025;56 dias;150;102.46;102.46;reajustável;Valido;Está dentro da meta de saving;Sim
P16;RC-2025-21;Atender contrato de prestação de serviços com cliente;INFORMATICA (EQUIPAMENTOS);649192;MEMORIA RAM PARA NOTEBOOKS/DESKTOPS;MEMORIA RAM, TIPO: RAM, MODULO: DDR4 SD RAM, VELOCIDADE: 3200 MHZ, CAPACIDADE: 8 GB, APLICACAO:  NOTEBOOKS/DESKTOPS.;2;45889;649192;Memória RAM 8GB DDR4;"capacidade: 8GB; geracao: DDR4; classificacao: 1Rx16; tipo_memoria: NÃO-ECC; frequencia: 3200MHz; latencia: 22; voltagem: 1.2V; pinagem: 260 pinos";2;CompuRAM;ADATA;ASU650SS-240GT-R;Dias;78.329.506/0001-36;Ativo;Av. das Indústrias, 1234 – Distrito Industrial – São Paulo/SP – CEP 04567-000;Contato G;(11) 3456-7890 / (11) 98765-4321;contatog@empresag.com.br;Banco Bradesco – Ag. 1234 – C/C 98765-4 – Titular: Empresa G Soluções Ltda;Faturamento G;(11) 3344-5566 / (11) 99887-6655;faturamentog@empresag.com.br;28/07/2025;54 dias;150;101.87;101.87;reajustável;Valido;Está dentro da meta de saving;Sim
P17;RC-2025-21;Atender contrato de prestação de serviços com cliente;INFORMATICA (EQUIPAMENTOS);649192;MEMORIA RAM PARA NOTEBOOKS/DESKTOPS;MEMORIA RAM, TIPO: RAM, MODULO: DDR4 SD RAM, VELOCIDADE: 3200 MHZ, CAPACIDADE: 8 GB, APLICACAO:  NOTEBOOKS/DESKTOPS.;2;45889;649192;Memória RAM 8GB DDR4;"capacidade: 8GB; geracao: DDR4; classificacao: 1Rx16; tipo_memoria: NÃO-ECC; frequencia: 3200MHz; latencia: 22; voltagem: 1.2V; pinagem: 260 pinos";2;CompuRAM;ADATA;ASU650SS-240GT-R;da Rocha Duarte - ME;95.162.804/0001-01;Ativo;Av. das Indústrias, 1234 – Distrito Industrial – São Paulo/SP – CEP 04567-000;Contato G;(11) 3456-7890 / (11) 98765-4321;contatog@empresag.com.br;Banco Bradesco – Ag. 1234 – C/C 98765-4 – Titular: Empresa G Soluções Ltda;Faturamento G;(11) 3344-5566 / (11) 99887-6655;faturamentog@empresag.com.br;28/07/2025;63 dias;150;108.91;108.91;reajustável;Valido;Está dentro da meta de saving;Sim
P18;RC-2025-21;Atender contrato de prestação de serviços com cliente;INFORMATICA (EQUIPAMENTOS);649192;MEMORIA RAM PARA NOTEBOOKS/DESKTOPS;MEMORIA RAM, TIPO: RAM, MODULO: DDR4 SD RAM, VELOCIDADE: 3200 MHZ, CAPACIDADE: 8 GB, APLICACAO:  NOTEBOOKS/DESKTOPS.;2;45889;649192;Memória RAM 8GB DDR4;"capacidade: 8GB; geracao: DDR4; classificacao: 1Rx16; tipo_memoria: NÃO-ECC; frequencia: 3200MHz; latencia: 22; voltagem: 1.2V; pinagem: 260 pinos";2;CompuRAM;ADATA;ASU650SS-240GT-R;Abreu - EI;46.075.913/0001-78;Ativo;Av. das Indústrias, 1234 – Distrito Industrial – São Paulo/SP – CEP 04567-000;Contato G;(11) 3456-7890 / (11) 98765-4321;contatog@empresag.com.br;Banco Bradesco – Ag. 1234 – C/C 98765-4 – Titular: Empresa G Soluções Ltda;Faturamento G;(11) 3344-5566 / (11) 99887-6655;faturamentog@empresag.com.br;28/07/2025;50 dias;150;109.87;109.87;reajustável;Valido;Está dentro da meta de saving;Sim
P19;RC-2025-21;Atender contrato de prestação de serviços com cliente;INFORMATICA (EQUIPAMENTOS);649192;MEMORIA RAM PARA NOTEBOOKS/DESKTOPS;MEMORIA RAM, TIPO: RAM, MODULO: DDR4 SD RAM, VELOCIDADE: 3200 MHZ, CAPACIDADE: 8 GB, APLICACAO:  NOTEBOOKS/DESKTOPS.;2;45889;649192;Memória RAM 8GB DDR4;"capacidade: 8GB; geracao: DDR4; classificacao: 1Rx16; tipo_memoria: NÃO-ECC; frequencia: 3200MHz; latencia: 22; voltagem: 1.2V; pinagem: 260 pinos";2;CompuRAM;ADATA;ASU650SS-240GT-R;Pires;83.490.617/0001-60;Ativo;Av. das Indústrias, 1234 – Distrito Industrial – São Paulo/SP – CEP 04567-000;Contato G;(11) 3456-7890 / (11) 98765-4321;contatog@empresag.com.br;Banco Bradesco – Ag. 1234 – C/C 98765-4 – Titular: Empresa G Soluções Ltda;Faturamento G;(11) 3344-5566 / (11) 99887-6655;faturamentog@empresag.com.br;28/07/2025;56 dias;150;108.26;108.26;reajustável;Valido;Está dentro da meta de saving;Sim
P20;RC-2025-21;Atender contrato de prestação de serviços com cliente;INFORMATICA (EQUIPAMENTOS);649192;MEMORIA RAM PARA NOTEBOOKS/DESKTOPS;MEMORIA RAM, TIPO: RAM, MODULO: DDR4 SD RAM, VELOCIDADE: 3200 MHZ, CAPACIDADE: 8 GB, APLICACAO:  NOTEBOOKS/DESKTOPS.;2;45889;649192;Memória RAM 8GB DDR4;"capacidade: 8GB; geracao: DDR4; classificacao: 1Rx16; tipo_memoria: NÃO-ECC; frequencia: 3200MHz; latencia: 22; voltagem: 1.2V; pinagem: 260 pinos";2;CompuRAM;ADATA;ASU650SS-240GT-R;Castro - EI;63.985.420/0001-94;Ativo;Av. das Indústrias, 1234 – Distrito Industrial – São Paulo/SP – CEP 04567-000;Contato G;(11) 3456-7890 / (11) 98765-4321;contatog@empresag.com.br;Banco Bradesco – Ag. 1234 – C/C 98765-4 – Titular: Empresa G Soluções Ltda;Faturamento G;(11) 3344-5566 / (11) 99887-6655;faturamentog@empresag.com.br;28/07/2025;50 dias;150;100.07;100.07;reajustável;Valido;Está dentro da meta de saving;Sim
P21;RC-2025-21;Atender contrato de prestação de serviços com cliente;INFORMATICA (EQUIPAMENTOS);649192;MEMORIA RAM PARA NOTEBOOKS/DESKTOPS;MEMORIA RAM, TIPO: RAM, MODULO: DDR4 SD RAM, VELOCIDADE: 3200 MHZ, CAPACIDADE: 8 GB, APLICACAO:  NOTEBOOKS/DESKTOPS.;2;45889;649192;Memória RAM 8GB DDR4;"capacidade: 8GB; geracao: DDR4; classificacao: 1Rx16; tipo_memoria: NÃO-ECC; frequencia: 3200MHz; latencia: 22; voltagem: 1.2V; pinagem: 260 pinos";2;CompuRAM;ADATA;ASU650SS-240GT-R;Nunes;71.405.239/0001-90;Ativo;Av. das Indústrias, 1234 – Distrito Industrial – São Paulo/SP – CEP 04567-000;Contato G;(11) 3456-7890 / (11) 98765-4321;contatog@empresag.com.br;Banco Bradesco – Ag. 1234 – C/C 98765-4 – Titular: Empresa G Soluções Ltda;Faturamento G;(11) 3344-5566 / (11) 99887-6655;faturamentog@empresag.com.br;28/07/2025;50 dias;150;106.34;106.34;reajustável;Valido;Está dentro da meta de saving;Sim
P22;RC-2025-21;Atender contrato de prestação de serviços com cliente;INFORMATICA (EQUIPAMENTOS);649192;MEMORIA RAM PARA NOTEBOOKS/DESKTOPS;MEMORIA RAM, TIPO: RAM, MODULO: DDR4 SD RAM, VELOCIDADE: 3200 MHZ, CAPACIDADE: 8 GB, APLICACAO:  NOTEBOOKS/DESKTOPS.;2;45889;649192;Memória RAM 8GB DDR4;"capacidade: 8GB; geracao: DDR4; classificacao: 1Rx16; tipo_memoria: NÃO-ECC; frequencia: 3200MHz; latencia: 22; voltagem: 1.2V; pinagem: 260 pinos";2;CompuRAM;ADATA;ASU650SS-240GT-R;Cirino;27.630.194/0001-65;Ativo;Av. das Indústrias, 1234 – Distrito Industrial – São Paulo/SP – CEP 04567-000;Contato G;(11) 3456-7890 / (11) 98765-4321;contatog@empresag.com.br;Banco Bradesco – Ag. 1234 – C/C 98765-4 – Titular: Empresa G Soluções Ltda;Faturamento G;(11) 3344-5566 / (11) 99887-6655;faturamentog@empresag.com.br;28/07/2025;50 dias;150;104.82;104.82;reajustável;Valido;Está dentro da meta de saving;Sim
P23;RC-2025-21;Atender contrato de prestação de serviços com cliente;INFORMATICA (EQUIPAMENTOS);649192;MEMORIA RAM PARA NOTEBOOKS/DESKTOPS;MEMORIA RAM, TIPO: RAM, MODULO: DDR4 SD RAM, VELOCIDADE: 3200 MHZ, CAPACIDADE: 8 GB, APLICACAO:  NOTEBOOKS/DESKTOPS.;2;45889;649192;Memória RAM 8GB DDR4;"capacidade: 8GB; geracao: DDR4; classificacao: 1Rx16; tipo_memoria: NÃO-ECC; frequencia: 3200MHz; latencia: 22; voltagem: 1.2V; pinagem: 260 pinos";2;CompuRAM;ADATA;ASU650SS-240GT-R;Camargo e Filhos;35.786.129/0001-51;Ativo;Av. das Indústrias, 1234 – Distrito Industrial – São Paulo/SP – CEP 04567-000;Contato G;(11) 3456-7890 / (11) 98765-4321;contatog@empresag.com.br;Banco Bradesco – Ag. 1234 – C/C 98765-4 – Titular: Empresa G Soluções Ltda;Faturamento G;(11) 3344-5566 / (11) 99887-6655;faturamentog@empresag.com.br;28/07/2025;55 dias;150;100.49;100.49;reajustável;Valido;Está dentro da meta de saving;Sim
P24;RC-2025-21;Atender contrato de prestação de serviços com cliente;INFORMATICA (EQUIPAMENTOS);649192;MEMORIA RAM PARA NOTEBOOKS/DESKTOPS;MEMORIA RAM, TIPO: RAM, MODULO: DDR4 SD RAM, VELOCIDADE: 3200 MHZ, CAPACIDADE: 8 GB, APLICACAO:  NOTEBOOKS/DESKTOPS.;2;45889;649192;Memória RAM 8GB DDR4;"capacidade: 8GB; geracao: DDR4; classificacao: 1Rx16; tipo_memoria: NÃO-ECC; frequencia: 3200MHz; latencia: 22; voltagem: 1.2V; pinagem: 260 pinos";2;CompuRAM;ADATA;ASU650SS-240GT-R;Teixeira S/A;81.953.246/0001-80;Ativo;Av. das Indústrias, 1234 – Distrito Industrial – São Paulo/SP – CEP 04567-000;Contato G;(11) 3456-7890 / (11) 98765-4321;contatog@empresag.com.br;Banco Bradesco – Ag. 1234 – C/C 98765-4 – Titular: Empresa G Soluções Ltda;Faturamento G;(11) 3344-5566 / (11) 99887-6655;faturamentog@empresag.com.br;28/07/2025;62 dias;150;109.18;109.18;reajustável;Valido;Está dentro da meta de saving;Sim
P25;RC-2025-21;Atender contrato de prestação de serviços com cliente;INFORMATICA (EQUIPAMENTOS);649192;MEMORIA RAM PARA NOTEBOOKS/DESKTOPS;MEMORIA RAM, TIPO: RAM, MODULO: DDR4 SD RAM, VELOCIDADE: 3200 MHZ, CAPACIDADE: 8 GB, APLICACAO:  NOTEBOOKS/DESKTOPS.;2;45889;649192;Memória RAM 8GB DDR4;"capacidade: 8GB; geracao: DDR4; classificacao: 1Rx16; tipo_memoria: NÃO-ECC; frequencia: 3200MHz; latencia: 22; voltagem: 1.2V; pinagem: 260 pinos";2;CompuRAM;ADATA;ASU650SS-240GT-R;Pacheco Cardoso - ME;83.921.746/0001-65;Ativo;Av. das Indústrias, 1234 – Distrito Industrial – São Paulo/SP – CEP 04567-000;Contato G;(11) 3456-7890 / (11) 98765-4321;contatog@empresag.com.br;Banco Bradesco – Ag. 1234 – C/C 98765-4 – Titular: Empresa G Soluções Ltda;Faturamento G;(11) 3344-5566 / (11) 99887-6655;faturamentog@empresag.com.br;28/07/2025;60 dias;150;101.35;101.35;reajustável;Valido;Está dentro da meta de saving;Sim
P26;RC-2025-21;Atender contrato de prestação de serviços com cliente;INFORMATICA (EQUIPAMENTOS);649192;MEMORIA RAM PARA NOTEBOOKS/DESKTOPS;MEMORIA RAM, TIPO: RAM, MODULO: DDR4 SD RAM, VELOCIDADE: 3200 MHZ, CAPACIDADE: 8 GB, APLICACAO:  NOTEBOOKS/DESKTOPS.;2;45889;649192;Memória RAM 8GB DDR4;"capacidade: 8GB; geracao: DDR4; classificacao: 1Rx16; tipo_memoria: NÃO-ECC; frequencia: 3200MHz; latencia: 22; voltagem: 1.2V; pinagem: 260 pinos";2;CompuRAM;ADATA;ASU650SS-240GT-R;Novaes Ltda.;54.168.739/0001-36;Ativo;Av. das Indústrias, 1234 – Distrito Industrial – São Paulo/SP – CEP 04567-000;Contato G;(11) 3456-7890 / (11) 98765-4321;contatog@empresag.com.br;Banco Bradesco – Ag. 1234 – C/C 98765-4 – Titular: Empresa G Soluções Ltda;Faturamento G;(11) 3344-5566 / (11) 99887-6655;faturamentog@empresag.com.br;28/07/2025;58 dias;150;100.8;100.8;reajustável;Valido;Está dentro da meta de saving;Sim
P27;RC-2025-21;Atender contrato de prestação de serviços com cliente;INFORMATICA (EQUIPAMENTOS);649192;MEMORIA RAM PARA NOTEBOOKS/DESKTOPS;MEMORIA RAM, TIPO: RAM, MODULO: DDR4 SD RAM, VELOCIDADE: 3200 MHZ, CAPACIDADE: 8 GB, APLICACAO:  NOTEBOOKS/DESKTOPS.;2;45889;649192;Memória RAM 8GB DDR4;"capacidade: 8GB; geracao: DDR4; classificacao: 1Rx16; tipo_memoria: NÃO-ECC; frequencia: 3200MHz; latencia: 22; voltagem: 1.2V; pinagem: 260 pinos";2;CompuRAM;ADATA;ASU650SS-240GT-R;da Paz;96.148.237/0001-93;Ativo;Av. das Indústrias, 1234 – Distrito Industrial – São Paulo/SP – CEP 04567-000;Contato G;(11) 3456-7890 / (11) 98765-4321;contatog@empresag.com.br;Banco Bradesco – Ag. 1234 – C/C 98765-4 – Titular: Empresa G Soluções Ltda;Faturamento G;(11) 3344-5566 / (11) 99887-6655;faturamentog@empresag.com.br;28/07/2025;50 dias;150;101.28;101.28;reajustável;Valido;Está dentro da meta de saving;Sim
P28;RC-2025-21;Atender contrato de prestação de serviços com cliente;INFORMATICA (EQUIPAMENTOS);649192;MEMORIA RAM PARA NOTEBOOKS/DESKTOPS;MEMORIA RAM, TIPO: RAM, MODULO: DDR4 SD RAM, VELOCIDADE: 3200 MHZ, CAPACIDADE: 8 GB, APLICACAO:  NOTEBOOKS/DESKTOPS.;2;45889;649192;Memória RAM 8GB DDR4;"capacidade: 8GB; geracao: DDR4; classificacao: 1Rx16; tipo_memoria: NÃO-ECC; frequencia: 3200MHz; latencia: 22; voltagem: 1.2V; pinagem: 260 pinos";2;CompuRAM;ADATA;ASU650SS-240GT-R;Freitas Campos Ltda.;93.748.620/0001-94;Ativo;Av. das Indústrias, 1234 – Distrito Industrial – São Paulo/SP – CEP 04567-000;Contato G;(11) 3456-7890 / (11) 98765-4321;contatog@empresag.com.br;Banco Bradesco – Ag. 1234 – C/C 98765-4 – Titular: Empresa G Soluções Ltda;Faturamento G;(11) 3344-5566 / (11) 99887-6655;faturamentog@empresag.com.br;28/07/2025;58 dias;150;102.06;102.06;reajustável;Valido;Está dentro da meta de saving;Sim
P29;RC-2025-21;Atender contrato de prestação de serviços com cliente;INFORMATICA (EQUIPAMENTOS);649192;MEMORIA RAM PARA NOTEBOOKS/DESKTOPS;MEMORIA RAM, TIPO: RAM, MODULO: DDR4 SD RAM, VELOCIDADE: 3200 MHZ, CAPACIDADE: 8 GB, APLICACAO:  NOTEBOOKS/DESKTOPS.;2;45889;649192;Memória RAM 8GB DDR4;"capacidade: 8GB; geracao: DDR4; classificacao: 1Rx16; tipo_memoria: NÃO-ECC; frequencia: 3200MHz; latencia: 22; voltagem: 1.2V; pinagem: 260 pinos";2;CompuRAM;ADATA;ASU650SS-240GT-R;Teixeira;59.382.467/0001-96;Ativo;Av. das Indústrias, 1234 – Distrito Industrial – São Paulo/SP – CEP 04567-000;Contato G;(11) 3456-7890 / (11) 98765-4321;contatog@empresag.com.br;Banco Bradesco – Ag. 1234 – C/C 98765-4 – Titular: Empresa G Soluções Ltda;Faturamento G;(11) 3344-5566 / (11) 99887-6655;faturamentog@empresag.com.br;28/07/2025;61 dias;150;109.53;109.53;reajustável;Valido;Está dentro da meta de saving;Sim
P30;RC-2025-21;Atender contrato de prestação de serviços com cliente;INFORMATICA (EQUIPAMENTOS);649192;MEMORIA RAM PARA NOTEBOOKS/DESKTOPS;MEMORIA RAM, TIPO: RAM, MODULO: DDR4 SD RAM, VELOCIDADE: 3200 MHZ, CAPACIDADE: 8 GB, APLICACAO:  NOTEBOOKS/DESKTOPS.;2;45889;649192;Memória RAM 8GB DDR4;"capacidade: 8GB; geracao: DDR4; classificacao: 1Rx16; tipo_memoria: NÃO-ECC; frequencia: 3200MHz; latencia: 22; voltagem: 1.2V; pinagem: 260 pinos";2;CompuRAM;ADATA;ASU650SS-240GT-R;da Luz Rezende S/A;81.907.463/0001-33;Ativo;Av. das Indústrias, 1234 – Distrito Industrial – São Paulo/SP – CEP 04567-000;Contato G;(11) 3456-7890 / (11) 98765-4321;contatog@empresag.com.br;Banco Bradesco – Ag. 1234 – C/C 98765-4 – Titular: Empresa G Soluções Ltda;Faturamento G;(11) 3344-5566 / (11) 99887-6655;faturamentog@empresag.com.br;28/07/2025;61 dias;150;106.66;106.66;reajustável;Valido;Está dentro da meta de saving;Sim
P31;RC-2025-21;Atender contrato de prestação de serviços com cliente;INFORMATICA (EQUIPAMENTOS);649192;MEMORIA RAM PARA NOTEBOOKS/DESKTOPS;MEMORIA RAM, TIPO: RAM, MODULO: DDR4 SD RAM, VELOCIDADE: 3200 MHZ, CAPACIDADE: 8 GB, APLICACAO:  NOTEBOOKS/DESKTOPS.;2;45889;649192;Memória RAM 8GB DDR4;"capacidade: 8GB; geracao: DDR4; classificacao: 1Rx16; tipo_memoria: NÃO-ECC; frequencia: 3200MHz; latencia: 22; voltagem: 1.2V; pinagem: 260 pinos";2;CompuRAM;ADATA;ASU650SS-240GT-R;Duarte;69.547.082/0001-95;Ativo;Av. das Indústrias, 1234 – Distrito Industrial – São Paulo/SP – CEP 04567-000;Contato G;(11) 3456-7890 / (11) 98765-4321;contatog@empresag.com.br;Banco Bradesco – Ag. 1234 – C/C 98765-4 – Titular: Empresa G Soluções Ltda;Faturamento G;(11) 3344-5566 / (11) 99887-6655;faturamentog@empresag.com.br;28/07/2025;61 dias;150;102.83;102.83;reajustável;Valido;Está dentro da meta de saving;Sim
P32;RC-2025-21;Atender contrato de prestação de serviços com cliente;INFORMATICA (EQUIPAMENTOS);649192;MEMORIA RAM PARA NOTEBOOKS/DESKTOPS;MEMORIA RAM, TIPO: RAM, MODULO: DDR4 SD RAM, VELOCIDADE: 3200 MHZ, CAPACIDADE: 8 GB, APLICACAO:  NOTEBOOKS/DESKTOPS.;2;45889;649192;Memória RAM 8GB DDR4;"capacidade: 8GB; geracao: DDR4; classificacao: 1Rx16; tipo_memoria: NÃO-ECC; frequencia: 3200MHz; latencia: 22; voltagem: 1.2V; pinagem: 260 pinos";2;CompuRAM;ADATA;ASU650SS-240GT-R;Garcia Monteiro e Filhos;27.651.893/0001-91;Ativo;Av. das Indústrias, 1234 – Distrito Industrial – São Paulo/SP – CEP 04567-000;Contato G;(11) 3456-7890 / (11) 98765-4321;contatog@empresag.com.br;Banco Bradesco – Ag. 1234 – C/C 98765-4 – Titular: Empresa G Soluções Ltda;Faturamento G;(11) 3344-5566 / (11) 99887-6655;faturamentog@empresag.com.br;28/07/2025;63 dias;150;108.37;108.37;reajustável;Valido;Está dentro da meta de saving;Sim
P33;RC-2025-21;Atender contrato de prestação de serviços com cliente;INFORMATICA (EQUIPAMENTOS);649192;MEMORIA RAM PARA NOTEBOOKS/DESKTOPS;MEMORIA RAM, TIPO: RAM, MODULO: DDR4 SD RAM, VELOCIDADE: 3200 MHZ, CAPACIDADE: 8 GB, APLICACAO:  NOTEBOOKS/DESKTOPS.;2;45889;649192;Memória RAM 8GB DDR4;"capacidade: 8GB; geracao: DDR4; classificacao: 1Rx16; tipo_memoria: NÃO-ECC; frequencia: 3200MHz; latencia: 22; voltagem: 1.2V; pinagem: 260 pinos";2;CompuRAM;ADATA;ASU650SS-240GT-R;Sousa Martins S.A.;85.379.210/0001-95;Ativo;Av. das Indústrias, 1234 – Distrito Industrial – São Paulo/SP – CEP 04567-000;Contato G;(11) 3456-7890 / (11) 98765-4321;contatog@empresag.com.br;Banco Bradesco – Ag. 1234 – C/C 98765-4 – Titular: Empresa G Soluções Ltda;Faturamento G;(11) 3344-5566 / (11) 99887-6655;faturamentog@empresag.com.br;28/07/2025;51 dias;150;101.64;101.64;reajustável;Valido;Está dentro da meta de saving;Sim
P34;RC-2025-21;Atender contrato de prestação de serviços com cliente;INFORMATICA (EQUIPAMENTOS);649192;MEMORIA RAM PARA NOTEBOOKS/DESKTOPS;MEMORIA RAM, TIPO: RAM, MODULO: DDR4 SD RAM, VELOCIDADE: 3200 MHZ, CAPACIDADE: 8 GB, APLICACAO:  NOTEBOOKS/DESKTOPS.;2;45889;649192;Memória RAM 8GB DDR4;"capacidade: 8GB; geracao: DDR4; classificacao: 1Rx16; tipo_memoria: NÃO-ECC; frequencia: 3200MHz; latencia: 22; voltagem: 1.2V; pinagem: 260 pinos";2;CompuRAM;ADATA;ASU650SS-240GT-R;Guerra - ME;08.732.564/0001-20;Ativo;Av. das Indústrias, 1234 – Distrito Industrial – São Paulo/SP – CEP 04567-000;Contato G;(11) 3456-7890 / (11) 98765-4321;contatog@empresag.com.br;Banco Bradesco – Ag. 1234 – C/C 98765-4 – Titular: Empresa G Soluções Ltda;Faturamento G;(11) 3344-5566 / (11) 99887-6655;faturamentog@empresag.com.br;28/07/2025;55 dias;150;109.4;109.4;reajustável;Valido;Está dentro da meta de saving;Sim
P35;RC-2025-21;Atender contrato de prestação de serviços com cliente;INFORMATICA (EQUIPAMENTOS);649192;MEMORIA RAM PARA NOTEBOOKS/DESKTOPS;MEMORIA RAM, TIPO: RAM, MODULO: DDR4 SD RAM, VELOCIDADE: 3200 MHZ, CAPACIDADE: 8 GB, APLICACAO:  NOTEBOOKS/DESKTOPS.;2;45889;649192;Memória RAM 8GB DDR4;"capacidade: 8GB; geracao: DDR4; classificacao: 1Rx16; tipo_memoria: NÃO-ECC; frequencia: 3200MHz; latencia: 22; voltagem: 1.2V; pinagem: 260 pinos";2;CompuRAM;ADATA;ASU650SS-240GT-R;Cavalcante;50.983.176/0001-89;Ativo;Av. das Indústrias, 1234 – Distrito Industrial – São Paulo/SP – CEP 04567-000;Contato G;(11) 3456-7890 / (11) 98765-4321;contatog@empresag.com.br;Banco Bradesco – Ag. 1234 – C/C 98765-4 – Titular: Empresa G Soluções Ltda;Faturamento G;(11) 3344-5566 / (11) 99887-6655;faturamentog@empresag.com.br;28/07/2025;61 dias;150;109.27;109.27;reajustável;Valido;Está dentro da meta de saving;Sim
P36;RC-2025-21;Atender contrato de prestação de serviços com cliente;INFORMATICA (EQUIPAMENTOS);649192;MEMORIA RAM PARA NOTEBOOKS/DESKTOPS;MEMORIA RAM, TIPO: RAM, MODULO: DDR4 SD RAM, VELOCIDADE: 3200 MHZ, CAPACIDADE: 8 GB, APLICACAO:  NOTEBOOKS/DESKTOPS.;2;45889;649192;Memória RAM 8GB DDR4;"capacidade: 8GB; geracao: DDR4; classificacao: 1Rx16; tipo_memoria: NÃO-ECC; frequencia: 3200MHz; latencia: 22; voltagem: 1.2V; pinagem: 260 pinos";2;CompuRAM;ADATA;ASU650SS-240GT-R;Brito Castro S.A.;12.760.489/0001-89;Ativo;Av. das Indústrias, 1234 – Distrito Industrial – São Paulo/SP – CEP 04567-000;Contato G;(11) 3456-7890 / (11) 98765-4321;contatog@empresag.com.br;Banco Bradesco – Ag. 1234 – C/C 98765-4 – Titular: Empresa G Soluções Ltda;Faturamento G;(11) 3344-5566 / (11) 99887-6655;faturamentog@empresag.com.br;28/07/2025;55 dias;150;108.43;108.43;reajustável;Valido;Está dentro da meta de saving;Sim
P37;RC-2025-21;Atender contrato de prestação de serviços com cliente;INFORMATICA (EQUIPAMENTOS);649192;MEMORIA RAM PARA NOTEBOOKS/DESKTOPS;MEMORIA RAM, TIPO: RAM, MODULO: DDR4 SD RAM, VELOCIDADE: 3200 MHZ, CAPACIDADE: 8 GB, APLICACAO:  NOTEBOOKS/DESKTOPS.;2;45889;649192;Memória RAM 8GB DDR4;"capacidade: 8GB; geracao: DDR4; classificacao: 1Rx16; tipo_memoria: NÃO-ECC; frequencia: 3200MHz; latencia: 22; voltagem: 1.2V; pinagem: 260 pinos";2;CompuRAM;ADATA;ASU650SS-240GT-R;da Mata;79.653.248/0001-01;Ativo;Av. das Indústrias, 1234 – Distrito Industrial – São Paulo/SP – CEP 04567-000;Contato G;(11) 3456-7890 / (11) 98765-4321;contatog@empresag.com.br;Banco Bradesco – Ag. 1234 – C/C 98765-4 – Titular: Empresa G Soluções Ltda;Faturamento G;(11) 3344-5566 / (11) 99887-6655;faturamentog@empresag.com.br;28/07/2025;59 dias;150;100.34;100.34;reajustável;Valido;Está dentro da meta de saving;Sim
P38;RC-2025-21;Atender contrato de prestação de serviços com cliente;INFORMATICA (EQUIPAMENTOS);649192;MEMORIA RAM PARA NOTEBOOKS/DESKTOPS;MEMORIA RAM, TIPO: RAM, MODULO: DDR4 SD RAM, VELOCIDADE: 3200 MHZ, CAPACIDADE: 8 GB, APLICACAO:  NOTEBOOKS/DESKTOPS.;2;45889;649192;Memória RAM 8GB DDR4;"capacidade: 8GB; geracao: DDR4; classificacao: 1Rx16; tipo_memoria: NÃO-ECC; frequencia: 3200MHz; latencia: 22; voltagem: 1.2V; pinagem: 260 pinos";2;CompuRAM;ADATA;ASU650SS-240GT-R;Correia - ME;02.758.496/0001-92;Ativo;Av. das Indústrias, 1234 – Distrito Industrial – São Paulo/SP – CEP 04567-000;Contato G;(11) 3456-7890 / (11) 98765-4321;contatog@empresag.com.br;Banco Bradesco – Ag. 1234 – C/C 98765-4 – Titular: Empresa G Soluções Ltda;Faturamento G;(11) 3344-5566 / (11) 99887-6655;faturamentog@empresag.com.br;28/07/2025;51 dias;150;107.33;107.33;reajustável;Valido;Está dentro da meta de saving;Sim
P39;RC-2025-21;Atender contrato de prestação de serviços com cliente;INFORMATICA (EQUIPAMENTOS);649192;MEMORIA RAM PARA NOTEBOOKS/DESKTOPS;MEMORIA RAM, TIPO: RAM, MODULO: DDR4 SD RAM, VELOCIDADE: 3200 MHZ, CAPACIDADE: 8 GB, APLICACAO:  NOTEBOOKS/DESKTOPS.;2;45889;649192;Memória RAM 8GB DDR4;"capacidade: 8GB; geracao: DDR4; classificacao: 1Rx16; tipo_memoria: NÃO-ECC; frequencia: 3200MHz; latencia: 22; voltagem: 1.2V; pinagem: 260 pinos";2;CompuRAM;ADATA;ASU650SS-240GT-R;Pinto;75.204.963/0001-06;Ativo;Av. das Indústrias, 1234 – Distrito Industrial – São Paulo/SP – CEP 04567-000;Contato G;(11) 3456-7890 / (11) 98765-4321;contatog@empresag.com.br;Banco Bradesco – Ag. 1234 – C/C 98765-4 – Titular: Empresa G Soluções Ltda;Faturamento G;(11) 3344-5566 / (11) 99887-6655;faturamentog@empresag.com.br;28/07/2025;57 dias;150;107.63;107.63;reajustável;Valido;Está dentro da meta de saving;Sim
P40;RC-2025-21;Atender contrato de prestação de serviços com cliente;INFORMATICA (EQUIPAMENTOS);649192;MEMORIA RAM PARA NOTEBOOKS/DESKTOPS;MEMORIA RAM, TIPO: RAM, MODULO: DDR4 SD RAM, VELOCIDADE: 3200 MHZ, CAPACIDADE: 8 GB, APLICACAO:  NOTEBOOKS/DESKTOPS.;2;45889;649192;Memória RAM 8GB DDR4;"capacidade: 8GB; geracao: DDR4; classificacao: 1Rx16; tipo_memoria: NÃO-ECC; frequencia: 3200MHz; latencia: 22; voltagem: 1.2V; pinagem: 260 pinos";2;CompuRAM;ADATA;ASU650SS-240GT-R;da Rosa;98.637.452/0001-83;Ativo;Av. das Indústrias, 1234 – Distrito Industrial – São Paulo/SP – CEP 04567-000;Contato G;(11) 3456-7890 / (11) 98765-4321;contatog@empresag.com.br;Banco Bradesco – Ag. 1234 – C/C 98765-4 – Titular: Empresa G Soluções Ltda;Faturamento G;(11) 3344-5566 / (11) 99887-6655;faturamentog@empresag.com.br;28/07/2025;55 dias;150;105.66;105.66;reajustável;Valido;Está dentro da meta de saving;Sim
P141;RC-2025-21;Atender contrato de prestação de serviços com cliente;INFORMATICA (EQUIPAMENTOS);649192;MEMORIA RAM PARA NOTEBOOKS/DESKTOPS;MEMORIA RAM, TIPO: RAM, MODULO: DDR4 SD RAM, VELOCIDADE: 3200 MHZ, CAPACIDADE: 8 GB, APLICACAO:  NOTEBOOKS/DESKTOPS.;2;45889;649192;Memória RAM 8GB DDR4;"capacidade: 8GB; geracao: DDR4; classificacao: 1Rx16; tipo_memoria: NÃO-ECC; frequencia: 3200MHz; latencia: 22; voltagem: 1.2V; pinagem: 260 pinos";2;CompuRAM;ADATA;ASU650SS-240GT-R;Fornecedor Inválido 1 Ltda;91.214.125/5506-41;Ativo;Av. das Indústrias, 1234 – Distrito Industrial – São Paulo/SP – CEP 04567-000;Contato G;(11) 3456-7890 / (11) 98765-4321;contatog@empresag.com.br;Banco Bradesco – Ag. 1234 – C/C 98765-4 – Titular: Empresa G Soluções Ltda;Faturamento G;(11) 3344-5566 / (11) 99887-6655;faturamentog@empresag.com.br;11/09/2025;55 dias;150;127.27;133.97;reajustável;Invalido;"Preço acima da meta de saving; Data de entrega muito distante";Não
P142;RC-2025-21;Atender contrato de prestação de serviços com cliente;INFORMATICA (EQUIPAMENTOS);649192;MEMORIA RAM PARA NOTEBOOKS/DESKTOPS;MEMORIA RAM, TIPO: RAM, MODULO: DDR4 SD RAM, VELOCIDADE: 3200 MHZ, CAPACIDADE: 8 GB, APLICACAO:  NOTEBOOKS/DESKTOPS.;2;45889;649192;Memória RAM 8GB DDR4;"capacidade: 8GB; geracao: DDR4; classificacao: 1Rx16; tipo_memoria: NÃO-ECC; frequencia: 3200MHz; latencia: 22; voltagem: 1.2V; pinagem: 260 pinos";2;CompuRAM;ADATA;ASU650SS-240GT-R;Fornecedor Inválido 2 Ltda;23.792.858/9935-21;Ativo;Av. das Indústrias, 1234 – Distrito Industrial – São Paulo/SP – CEP 04567-000;Contato G;(11) 3456-7890 / (11) 98765-4321;contatog@empresag.com.br;Banco Bradesco – Ag. 1234 – C/C 98765-4 – Titular: Empresa G Soluções Ltda;Faturamento G;(11) 3344-5566 / (11) 99887-6655;faturamentog@empresag.com.br;11/09/2025;55 dias;150;156.93;165.19;reajustável;Invalido;"Preço acima da meta de saving; Data de entrega muito distante";Não
P143;RC-2025-21;Atender contrato de prestação de serviços com cliente;INFORMATICA (EQUIPAMENTOS);649192;MEMORIA RAM PARA NOTEBOOKS/DESKTOPS;MEMORIA RAM, TIPO: RAM, MODULO: DDR4 SD RAM, VELOCIDADE: 3200 MHZ, CAPACIDADE: 8 GB, APLICACAO:  NOTEBOOKS/DESKTOPS.;2;45889;649192;Memória RAM 8GB DDR4;"capacidade: 8GB; geracao: DDR4; classificacao: 1Rx16; tipo_memoria: NÃO-ECC; frequencia: 3200MHz; latencia: 22; voltagem: 1.2V; pinagem: 260 pinos";2;CompuRAM;ADATA;ASU650SS-240GT-R;Fornecedor Inválido 3 Ltda;14.130.195/4582-;Ativo;Av. das Indústrias, 1234 – Distrito Industrial – São Paulo/SP – CEP 04567-000;Contato G;(11) 3456-7890 / (11) 98765-4321;contatog@empresag.com.br;Banco Bradesco – Ag. 1234 – C/C 98765-4 – Titular: Empresa G Soluções Ltda;Faturamento G;(11) 3344-5566 / (11) 99887-6655;faturamentog@empresag.com.br;11/09/2025;55 dias;150;150.06;157.96;reajustável;Invalido;"Preço acima da meta de saving; Data de entrega muito distante";Não
P144;RC-2025-21;Atender contrato de prestação de serviços com cliente;INFORMATICA (EQUIPAMENTOS);649192;MEMORIA RAM PARA NOTEBOOKS/DESKTOPS;MEMORIA RAM, TIPO: RAM, MODULO: DDR4 SD RAM, VELOCIDADE: 3200 MHZ, CAPACIDADE: 8 GB, APLICACAO:  NOTEBOOKS/DESKTOPS.;2;45889;649192;Memória RAM 8GB DDR4;"capacidade: 8GB; geracao: DDR4; classificacao: 1Rx16; tipo_memoria: NÃO-ECC; frequencia: 3200MHz; latencia: 22; voltagem: 1.2V; pinagem: 260 pinos";2;CompuRAM;ADATA;ASU650SS-240GT-R;Fornecedor Inválido 4 Ltda;13.674.303/9928-63;Inativo;Av. das Indústrias, 1234 – Distrito Industrial – São Paulo/SP – CEP 04567-000;Contato G;(11) 3456-7890 / (11) 98765-4321;contatog@empresag.com.br;Banco Bradesco – Ag. 1234 – C/C 98765-4 – Titular: Empresa G Soluções Ltda;Faturamento G;(11) 3344-5566 / (11) 99887-6655;faturamentog@empresag.com.br;11/09/2025;55 dias;150;127.05;133.74;reajustável;Invalido;"Preço acima da meta de saving; Fornecedor inativo; Data de entrega muito distante";Não
P145;RC-2025-21;Atender contrato de prestação de serviços com cliente;INFORMATICA (EQUIPAMENTOS);649192;MEMORIA RAM PARA NOTEBOOKS/DESKTOPS;MEMORIA RAM, TIPO: RAM, MODULO: DDR4 SD RAM, VELOCIDADE: 3200 MHZ, CAPACIDADE: 8 GB, APLICACAO:  NOTEBOOKS/DESKTOPS.;2;45889;649192;Memória RAM 8GB DDR4;"capacidade: 8GB; geracao: DDR4; classificacao: 1Rx16; tipo_memoria: NÃO-ECC; frequencia: 3200MHz; latencia: 22; voltagem: 1.2V; pinagem: 260 pinos";2;CompuRAM;ADATA;ASU650SS-240GT-R;Fornecedor Inválido 5 Ltda;85.384.928/1106-30;Ativo;Av. das Indústrias, 1234 – Distrito Industrial – São Paulo/SP – CEP 04567-000;Contato G;(11) 3456-7890 / (11) 98765-4321;contatog@empresag.com.br;Banco Bradesco – Ag. 1234 – C/C 98765-4 – Titular: Empresa G Soluções Ltda;Faturamento G;(11) 3344-5566 / (11) 99887-6655;faturamentog@empresag.com.br;11/09/2025;180 dias;150;165.62;174.34;reajustável;Invalido;"Preço acima da meta de saving; Prazo de pagamento excessivo; Data de entrega muito distante";Não
P146;RC-2025-21;Atender contrato de prestação de serviços com cliente;INFORMATICA (EQUIPAMENTOS);649192;MEMORIA RAM PARA NOTEBOOKS/DESKTOPS;MEMORIA RAM, TIPO: RAM, MODULO: DDR4 SD RAM, VELOCIDADE: 3200 MHZ, CAPACIDADE: 8 GB, APLICACAO:  NOTEBOOKS/DESKTOPS.;2;45889;649192;Memória RAM 8GB DDR4;"capacidade: 8GB; geracao: DDR4; classificacao: 1Rx16; tipo_memoria: NÃO-ECC; frequencia: 3200MHz; latencia: 22; voltagem: 1.2V; pinagem: 260 pinos";2;CompuRAM;ADATA;ASU650SS-240GT-R;Fornecedor Inválido 6 Ltda;53.384.259/4527-;Ativo;Av. das Indústrias, 1234 – Distrito Industrial – São Paulo/SP – CEP 04567-000;Contato G;(11) 3456-7890 / (11) 98765-4321;contatog@empresag.com.br;Banco Bradesco – Ag. 1234 – C/C 98765-4 – Titular: Empresa G Soluções Ltda;Faturamento G;(11) 3344-5566 / (11) 99887-6655;faturamentog@empresag.com.br;25/11/2025;55 dias;150;117.51;123.69;reajustável;Invalido;"Preço acima da meta de saving; Data de entrega muito distante";Não
P147;RC-2025-21;Atender contrato de prestação de serviços com cliente;INFORMATICA (EQUIPAMENTOS);649192;MEMORIA RAM PARA NOTEBOOKS/DESKTOPS;MEMORIA RAM, TIPO: RAM, MODULO: DDR4 SD RAM, VELOCIDADE: 3200 MHZ, CAPACIDADE: 8 GB, APLICACAO:  NOTEBOOKS/DESKTOPS.;2;45889;649192;Memória RAM 8GB DDR4;"capacidade: 8GB; geracao: DDR4; classificacao: 1Rx16; tipo_memoria: NÃO-ECC; frequencia: 3200MHz; latencia: 22; voltagem: 1.2V; pinagem: 260 pinos";2;CompuRAM;ADATA;ASU650SS-240GT-R;Fornecedor Inválido 7 Ltda;58.199.467/6635-87;Ativo;Av. das Indústrias, 1234 – Distrito Industrial – São Paulo/SP – CEP 04567-000;Contato G;(11) 3456-7890 / (11) 98765-4321;contatog@empresag.com.br;Banco Bradesco – Ag. 1234 – C/C 98765-4 – Titular: Empresa G Soluções Ltda;Faturamento G;(11) 3344-5566 / (11) 99887-6655;faturamentog@empresag.com.br;11/09/2025;55 dias;150;130.61;137.48;reajustável;Invalido;"Preço acima da meta de saving; Data de entrega muito distante";Não
P148;RC-2025-21;Atender contrato de prestação de serviços com cliente;INFORMATICA (EQUIPAMENTOS);649192;MEMORIA RAM PARA NOTEBOOKS/DESKTOPS;MEMORIA RAM, TIPO: RAM, MODULO: DDR4 SD RAM, VELOCIDADE: 3200 MHZ, CAPACIDADE: 8 GB, APLICACAO:  NOTEBOOKS/DESKTOPS.;2;45889;649192;Memória RAM 8GB DDR4;"capacidade: 8GB; geracao: DDR4; classificacao: 1Rx16; tipo_memoria: NÃO-ECC; frequencia: 3200MHz; latencia: 22; voltagem: 1.2V; pinagem: 260 pinos";2;CompuRAM;ADATA;ASU650SS-240GT-R;Fornecedor Inválido 8 Ltda;15.847.570/9785-25;Inativo;Av. das Indústrias, 1234 – Distrito Industrial – São Paulo/SP – CEP 04567-000;Contato G;(11) 3456-7890 / (11) 98765-4321;contatog@empresag.com.br;Banco Bradesco – Ag. 1234 – C/C 98765-4 – Titular: Empresa G Soluções Ltda;Faturamento G;(11) 3344-5566 / (11) 99887-6655;faturamentog@empresag.com.br;11/09/2025;55 dias;150;187.82;197.71;reajustável;Invalido;"Preço acima da meta de saving; Fornecedor inativo; Data de entrega muito distante";Não
P149;RC-2025-21;Atender contrato de prestação de serviços com cliente;INFORMATICA (EQUIPAMENTOS);649192;MEMORIA RAM PARA NOTEBOOKS/DESKTOPS;MEMORIA RAM, TIPO: RAM, MODULO: DDR4 SD RAM, VELOCIDADE: 3200 MHZ, CAPACIDADE: 8 GB, APLICACAO:  NOTEBOOKS/DESKTOPS.;2;45889;649192;Memória RAM 8GB DDR4;"capacidade: 8GB; geracao: DDR4; classificacao: 1Rx16; tipo_memoria: NÃO-ECC; frequencia: 3200MHz; latencia: 22; voltagem: 1.2V; pinagem: 260 pinos";2;CompuRAM;ADATA;ASU650SS-240GT-R;Fornecedor Inválido 9 Ltda;58.180.665/5803-;Ativo;Av. das Indústrias, 1234 – Distrito Industrial – São Paulo/SP – CEP 04567-000;Contato G;(11) 3456-7890 / (11) 98765-4321;contatog@empresag.com.br;Banco Bradesco – Ag. 1234 – C/C 98765-4 – Titular: Empresa G Soluções Ltda;Faturamento G;(11) 3344-5566 / (11) 99887-6655;faturamentog@empresag.com.br;11/09/2025;55 dias;150;159.19;167.57;reajustável;Invalido;"Preço acima da meta de saving; Data de entrega muito distante";Não
P150;RC-2025-21;Atender contrato de prestação de serviços com cliente;INFORMATICA (EQUIPAMENTOS);649192;MEMORIA RAM PARA NOTEBOOKS/DESKTOPS;MEMORIA RAM, TIPO: RAM, MODULO: DDR4 SD RAM, VELOCIDADE: 3200 MHZ, CAPACIDADE: 8 GB, APLICACAO:  NOTEBOOKS/DESKTOPS.;2;45889;649192;Memória RAM 8GB DDR4;"capacidade: 8GB; geracao: DDR4; classificacao: 1Rx16; tipo_memoria: NÃO-ECC; frequencia: 3200MHz; latencia: 22; voltagem: 1.2V; pinagem: 260 pinos";2;CompuRAM;ADATA;ASU650SS-240GT-R;Fornecedor Inválido 10 Ltda;56.691.296/2139-15;Ativo;Av. das Indústrias, 1234 – Distrito Industrial – São Paulo/SP – CEP 04567-000;Contato G;(11) 3456-7890 / (11) 98765-4321;contatog@empresag.com.br;Banco Bradesco – Ag. 1234 – C/C 98765-4 – Titular: Empresa G Soluções Ltda;Faturamento G;(11) 3344-5566 / (11) 99887-6655;faturamentog@empresag.com.br;11/09/2025;180 dias;150;162.65;171.21;reajustável;Invalido;"Preço acima da meta de saving; Prazo de pagamento excessivo; Data de entrega muito distante";Não
P151;RC-2025-21;Atender contrato de prestação de serviços com cliente;INFORMATICA (EQUIPAMENTOS);649192;MEMORIA RAM PARA NOTEBOOKS/DESKTOPS;MEMORIA RAM, TIPO: RAM, MODULO: DDR4 SD RAM, VELOCIDADE: 3200 MHZ, CAPACIDADE: 8 GB, APLICACAO:  NOTEBOOKS/DESKTOPS.;2;45889;649192;Memória RAM 8GB DDR4;"capacidade: 8GB; geracao: DDR4; classificacao: 1Rx16; tipo_memoria: NÃO-ECC; frequencia: 3200MHz; latencia: 22; voltagem: 1.2V; pinagem: 260 pinos";2;CompuRAM;ADATA;ASU650SS-240GT-R;Fornecedor Inválido 11 Ltda;47.181.975/4814-22;Ativo;Av. das Indústrias, 1234 – Distrito Industrial – São Paulo/SP – CEP 04567-000;Contato G;(11) 3456-7890 / (11) 98765-4321;contatog@empresag.com.br;Banco Bradesco – Ag. 1234 – C/C 98765-4 – Titular: Empresa G Soluções Ltda;Faturamento G;(11) 3344-5566 / (11) 99887-6655;faturamentog@empresag.com.br;11/09/2025;55 dias;150;139.94;147.31;reajustável;Invalido;"Preço acima da meta de saving; Data de entrega muito distante";Não
P152;RC-2025-21;Atender contrato de prestação de serviços com cliente;INFORMATICA (EQUIPAMENTOS);649192;MEMORIA RAM PARA NOTEBOOKS/DESKTOPS;MEMORIA RAM, TIPO: RAM, MODULO: DDR4 SD RAM, VELOCIDADE: 3200 MHZ, CAPACIDADE: 8 GB, APLICACAO:  NOTEBOOKS/DESKTOPS.;2;45889;649192;Memória RAM 8GB DDR4;"capacidade: 8GB; geracao: DDR4; classificacao: 1Rx16; tipo_memoria: NÃO-ECC; frequencia: 3200MHz; latencia: 22; voltagem: 1.2V; pinagem: 260 pinos";2;CompuRAM;ADATA;ASU650SS-240GT-R;Fornecedor Inválido 12 Ltda;68.750.954/6977-;Inativo;Av. das Indústrias, 1234 – Distrito Industrial – São Paulo/SP – CEP 04567-000;Contato G;(11) 3456-7890 / (11) 98765-4321;contatog@empresag.com.br;Banco Bradesco – Ag. 1234 – C/C 98765-4 – Titular: Empresa G Soluções Ltda;Faturamento G;(11) 3344-5566 / (11) 99887-6655;faturamentog@empresag.com.br;25/11/2025;55 dias;150;139.15;146.47;reajustável;Invalido;"Preço acima da meta de saving; Fornecedor inativo; Data de entrega muito distante";Não
P153;RC-2025-21;Atender contrato de prestação de serviços com cliente;INFORMATICA (EQUIPAMENTOS);649192;MEMORIA RAM PARA NOTEBOOKS/DESKTOPS;MEMORIA RAM, TIPO: RAM, MODULO: DDR4 SD RAM, VELOCIDADE: 3200 MHZ, CAPACIDADE: 8 GB, APLICACAO:  NOTEBOOKS/DESKTOPS.;2;45889;649192;Memória RAM 8GB DDR4;"capacidade: 8GB; geracao: DDR4; classificacao: 1Rx16; tipo_memoria: NÃO-ECC; frequencia: 3200MHz; latencia: 22; voltagem: 1.2V; pinagem: 260 pinos";2;CompuRAM;ADATA;ASU650SS-240GT-R;Fornecedor Inválido 13 Ltda;36.786.373/2169-87;Ativo;Av. das Indústrias, 1234 – Distrito Industrial – São Paulo/SP – CEP 04567-000;Contato G;(11) 3456-7890 / (11) 98765-4321;contatog@empresag.com.br;Banco Bradesco – Ag. 1234 – C/C 98765-4 – Titular: Empresa G Soluções Ltda;Faturamento G;(11) 3344-5566 / (11) 99887-6655;faturamentog@empresag.com.br;11/09/2025;55 dias;150;160.52;168.97;reajustável;Invalido;"Preço acima da meta de saving; Data de entrega muito distante";Não
P154;RC-2025-21;Atender contrato de prestação de serviços com cliente;INFORMATICA (EQUIPAMENTOS);649192;MEMORIA RAM PARA NOTEBOOKS/DESKTOPS;MEMORIA RAM, TIPO: RAM, MODULO: DDR4 SD RAM, VELOCIDADE: 3200 MHZ, CAPACIDADE: 8 GB, APLICACAO:  NOTEBOOKS/DESKTOPS.;2;45889;649192;Memória RAM 8GB DDR4;"capacidade: 8GB; geracao: DDR4; classificacao: 1Rx16; tipo_memoria: NÃO-ECC; frequencia: 3200MHz; latencia: 22; voltagem: 1.2V; pinagem: 260 pinos";2;CompuRAM;ADATA;ASU650SS-240GT-R;Fornecedor Inválido 14 Ltda;78.846.350/3677-69;Ativo;Av. das Indústrias, 1234 – Distrito Industrial – São Paulo/SP – CEP 04567-000;Contato G;(11) 3456-7890 / (11) 98765-4321;contatog@empresag.com.br;Banco Bradesco – Ag. 1234 – C/C 98765-4 – Titular: Empresa G Soluções Ltda;Faturamento G;(11) 3344-5566 / (11) 99887-6655;faturamentog@empresag.com.br;11/09/2025;55 dias;150;139.89;147.25;reajustável;Invalido;"Preço acima da meta de saving; Data de entrega muito distante";Não
P155;RC-2025-21;Atender contrato de prestação de serviços com cliente;INFORMATICA (EQUIPAMENTOS);649192;MEMORIA RAM PARA NOTEBOOKS/DESKTOPS;MEMORIA RAM, TIPO: RAM, MODULO: DDR4 SD RAM, VELOCIDADE: 3200 MHZ, CAPACIDADE: 8 GB, APLICACAO:  NOTEBOOKS/DESKTOPS.;2;45889;649192;Memória RAM 8GB DDR4;"capacidade: 8GB; geracao: DDR4; classificacao: 1Rx16; tipo_memoria: NÃO-ECC; frequencia: 3200MHz; latencia: 22; voltagem: 1.2V; pinagem: 260 pinos";2;CompuRAM;ADATA;ASU650SS-240GT-R;Fornecedor Inválido 15 Ltda;91.804.670/4598-;Ativo;Av. das Indústrias, 1234 – Distrito Industrial – São Paulo/SP – CEP 04567-000;Contato G;(11) 3456-7890 / (11) 98765-4321;contatog@empresag.com.br;Banco Bradesco – Ag. 1234 – C/C 98765-4 – Titular: Empresa G Soluções Ltda;Faturamento G;(11) 3344-5566 / (11) 99887-6655;faturamentog@empresag.com.br;11/09/2025;180 dias;150;135.43;142.56;reajustável;Invalido;"Preço acima da meta de saving; Prazo de pagamento excessivo; Data de entrega muito distante";Não
P156;RC-2025-21;Atender contrato de prestação de serviços com cliente;INFORMATICA (EQUIPAMENTOS);649192;MEMORIA RAM PARA NOTEBOOKS/DESKTOPS;MEMORIA RAM, TIPO: RAM, MODULO: DDR4 SD RAM, VELOCIDADE: 3200 MHZ, CAPACIDADE: 8 GB, APLICACAO:  NOTEBOOKS/DESKTOPS.;2;45889;649192;Memória RAM 8GB DDR4;"capacidade: 8GB; geracao: DDR4; classificacao: 1Rx16; tipo_memoria: NÃO-ECC; frequencia: 3200MHz; latencia: 22; voltagem: 1.2V; pinagem: 260 pinos";2;CompuRAM;ADATA;ASU650SS-240GT-R;Fornecedor Inválido 16 Ltda;17.334.941/1525-50;Inativo;Av. das Indústrias, 1234 – Distrito Industrial – São Paulo/SP – CEP 04567-000;Contato G;(11) 3456-7890 / (11) 98765-4321;contatog@empresag.com.br;Banco Bradesco – Ag. 1234 – C/C 98765-4 – Titular: Empresa G Soluções Ltda;Faturamento G;(11) 3344-5566 / (11) 99887-6655;faturamentog@empresag.com.br;11/09/2025;55 dias;150;141.64;149.1;reajustável;Invalido;"Preço acima da meta de saving; Fornecedor inativo; Data de entrega muito distante";Não
P157;RC-2025-21;Atender contrato de prestação de serviços com cliente;INFORMATICA (EQUIPAMENTOS);649192;MEMORIA RAM PARA NOTEBOOKS/DESKTOPS;MEMORIA RAM, TIPO: RAM, MODULO: DDR4 SD RAM, VELOCIDADE: 3200 MHZ, CAPACIDADE: 8 GB, APLICACAO:  NOTEBOOKS/DESKTOPS.;2;45889;649192;Memória RAM 8GB DDR4;"capacidade: 8GB; geracao: DDR4; classificacao: 1Rx16; tipo_memoria: NÃO-ECC; frequencia: 3200MHz; latencia: 22; voltagem: 1.2V; pinagem: 260 pinos";2;CompuRAM;ADATA;ASU650SS-240GT-R;Fornecedor Inválido 17 Ltda;18.316.680/6155-37;Ativo;Av. das Indústrias, 1234 – Distrito Industrial – São Paulo/SP – CEP 04567-000;Contato G;(11) 3456-7890 / (11) 98765-4321;contatog@empresag.com.br;Banco Bradesco – Ag. 1234 – C/C 98765-4 – Titular: Empresa G Soluções Ltda;Faturamento G;(11) 3344-5566 / (11) 99887-6655;faturamentog@empresag.com.br;11/09/2025;55 dias;150;162.17;170.71;reajustável;Invalido;"Preço acima da meta de saving; Data de entrega muito distante";Não
P158;RC-2025-21;Atender contrato de prestação de serviços com cliente;INFORMATICA (EQUIPAMENTOS);649192;MEMORIA RAM PARA NOTEBOOKS/DESKTOPS;MEMORIA RAM, TIPO: RAM, MODULO: DDR4 SD RAM, VELOCIDADE: 3200 MHZ, CAPACIDADE: 8 GB, APLICACAO:  NOTEBOOKS/DESKTOPS.;2;45889;649192;Memória RAM 8GB DDR4;"capacidade: 8GB; geracao: DDR4; classificacao: 1Rx16; tipo_memoria: NÃO-ECC; frequencia: 3200MHz; latencia: 22; voltagem: 1.2V; pinagem: 260 pinos";2;CompuRAM;ADATA;ASU650SS-240GT-R;Fornecedor Inválido 18 Ltda;60.758.569/3340-;Ativo;Av. das Indústrias, 1234 – Distrito Industrial – São Paulo/SP – CEP 04567-000;Contato G;(11) 3456-7890 / (11) 98765-4321;contatog@empresag.com.br;Banco Bradesco – Ag. 1234 – C/C 98765-4 – Titular: Empresa G Soluções Ltda;Faturamento G;(11) 3344-5566 / (11) 99887-6655;faturamentog@empresag.com.br;25/11/2025;55 dias;150;120.53;126.87;reajustável;Invalido;"Preço acima da meta de saving; Data de entrega muito distante";Não
P159;RC-2025-21;Atender contrato de prestação de serviços com cliente;INFORMATICA (EQUIPAMENTOS);649192;MEMORIA RAM PARA NOTEBOOKS/DESKTOPS;MEMORIA RAM, TIPO: RAM, MODULO: DDR4 SD RAM, VELOCIDADE: 3200 MHZ, CAPACIDADE: 8 GB, APLICACAO:  NOTEBOOKS/DESKTOPS.;2;45889;649192;Memória RAM 8GB DDR4;"capacidade: 8GB; geracao: DDR4; classificacao: 1Rx16; tipo_memoria: NÃO-ECC; frequencia: 3200MHz; latencia: 22; voltagem: 1.2V; pinagem: 260 pinos";2;CompuRAM;ADATA;ASU650SS-240GT-R;Fornecedor Inválido 19 Ltda;81.651.369/8019-84;Ativo;Av. das Indústrias, 1234 – Distrito Industrial – São Paulo/SP – CEP 04567-000;Contato G;(11) 3456-7890 / (11) 98765-4321;contatog@empresag.com.br;Banco Bradesco – Ag. 1234 – C/C 98765-4 – Titular: Empresa G Soluções Ltda;Faturamento G;(11) 3344-5566 / (11) 99887-6655;faturamentog@empresag.com.br;11/09/2025;55 dias;150;141.5;148.95;reajustável;Invalido;"Preço acima da meta de saving; Data de entrega muito distante";Não
P160;RC-2025-21;Atender contrato de prestação de serviços com cliente;INFORMATICA (EQUIPAMENTOS);649192;MEMORIA RAM PARA NOTEBOOKS/DESKTOPS;MEMORIA RAM, TIPO: RAM, MODULO: DDR4 SD RAM, VELOCIDADE: 3200 MHZ, CAPACIDADE: 8 GB, APLICACAO:  NOTEBOOKS/DESKTOPS.;2;45889;649192;Memória RAM 8GB DDR4;"capacidade: 8GB; geracao: DDR4; classificacao: 1Rx16; tipo_memoria: NÃO-ECC; frequencia: 3200MHz; latencia: 22; voltagem: 1.2V; pinagem: 260 pinos";2;CompuRAM;ADATA;ASU650SS-240GT-R;Fornecedor Inválido 20 Ltda;38.241.621/9085-21;Inativo;Av. das Indústrias, 1234 – Distrito Industrial – São Paulo/SP – CEP 04567-000;Contato G;(11) 3456-7890 / (11) 98765-4321;contatog@empresag.com.br;Banco Bradesco – Ag. 1234 – C/C 98765-4 – Titular: Empresa G Soluções Ltda;Faturamento G;(11) 3344-5566 / (11) 99887-6655;faturamentog@empresag.com.br;11/09/2025;180 dias;150;170.28;179.24;reajustável;Invalido;"Preço acima da meta de saving; Fornecedor inativo; Prazo de pagamento excessivo; Data de entrega muito distante";Não